web_scraper_order,web_scraper_start_url,title,data,data2,data3,data4,data5,image,image2,image3,image4,image5,image6
"1774838780-1","https://listado.mercadolibre.com.ve/_CustId_2218556326?item_id=MLV853564702&category_id=MLV5072&seller_id=2218556326&client=recoview-selleritems&recos_listing=true#origin=vip&component=seller&typeSeller=classic","Case Blanco Deepcool Mini -itx Ch160","117","","US$","Disponible en 2 colores","","","https://http2.mlstatic.com/D_Q_NP_2X_972363-MLV85984543165_062025-E.webp","","","",""
"1774838780-2","https://listado.mercadolibre.com.ve/_CustId_2218556326?item_id=MLV853564702&category_id=MLV5072&seller_id=2218556326&client=recoview-selleritems&recos_listing=true#origin=vip&component=seller&typeSeller=classic","Monitor Aoc Portatil E1659fwu Ultra Slim 15.6","99","99","US$","",",","","https://http2.mlstatic.com/D_Q_NP_2X_887215-MLV86670768301_062025-E.webp","","","",""
"1774838780-3","https://listado.mercadolibre.com.ve/_CustId_2218556326?item_id=MLV853564702&category_id=MLV5072&seller_id=2218556326&client=recoview-selleritems&recos_listing=true#origin=vip&component=seller&typeSeller=classic","Case Gaming Redragon Negro Mid Tower Ca-cg623","164","","US$","","","","https://http2.mlstatic.com/D_Q_NP_2X_837907-MLV85991670603_062025-E.webp","","","",""
"1774838780-4","https://listado.mercadolibre.com.ve/_CustId_2218556326?item_id=MLV853564702&category_id=MLV5072&seller_id=2218556326&client=recoview-selleritems&recos_listing=true#origin=vip&component=seller&typeSeller=classic","Volante Y Pedalera Marvogt-903 Onaga 30 Pc/ps3/ps4/xbox","127","","US$","","","https://http2.mlstatic.com/D_Q_NP_2X_636317-MLV86141776549_062025-E.webp","https://http2.mlstatic.com/D_Q_NP_2X_871634-MLV86141410055_062025-E.webp","https://http2.mlstatic.com/D_Q_NP_2X_871634-MLV86141410055_062025-E.webp","https://http2.mlstatic.com/D_Q_NP_2X_645162-MLV85828749842_062025-E.webp","https://http2.mlstatic.com/D_Q_NP_2X_984859-MLV86141717009_062025-E.webp","https://http2.mlstatic.com/D_Q_NP_2X_923206-MLV86141836119_062025-E.webp"
"1774838780-5","https://listado.mercadolibre.com.ve/_CustId_2218556326?item_id=MLV853564702&category_id=MLV5072&seller_id=2218556326&client=recoview-selleritems&recos_listing=true#origin=vip&component=seller&typeSeller=classic","Case Leadertech Gaming Warmachine Negro Con Fans Incluidos","122","50","US$","Disponible en 2 colores",",","","https://http2.mlstatic.com/D_Q_NP_2X_791755-MLV85679219832_062025-E.webp","","","",""
"1774838780-6","https://listado.mercadolibre.com.ve/_CustId_2218556326?item_id=MLV853564702&category_id=MLV5072&seller_id=2218556326&client=recoview-selleritems&recos_listing=true#origin=vip&component=seller&typeSeller=classic","Cable Utp Tplink Ec6-100 Cat 6 Indoor 100mts","99","99","US$","",",","","https://http2.mlstatic.com/D_Q_NP_2X_771327-MLV88316293921_072025-E.webp","","","",""
"1774838780-7","https://listado.mercadolibre.com.ve/_CustId_2218556326?item_id=MLV853564702&category_id=MLV5072&seller_id=2218556326&client=recoview-selleritems&recos_listing=true#origin=vip&component=seller&typeSeller=classic","Disco Duro Solido 256gb Addlink  2.5 Sata 6gb/s  Sata Iii","109","","US$","","","","https://http2.mlstatic.com/D_Q_NP_2X_966162-MLV85726535836_062025-E.webp","https://http2.mlstatic.com/D_Q_NP_2X_966162-MLV85726535836_062025-E.webp","https://http2.mlstatic.com/D_Q_NP_2X_607067-MLV85726142878_062025-E.webp","https://http2.mlstatic.com/D_Q_NP_2X_882407-MLV86037958709_062025-E.webp",""
"1774838780-8","https://listado.mercadolibre.com.ve/_CustId_2218556326?item_id=MLV853564702&category_id=MLV5072&seller_id=2218556326&client=recoview-selleritems&recos_listing=true#origin=vip&component=seller&typeSeller=classic","Impresora Epson L8180 Multifuncional 6 Colores Tabloide A3+","1.437","","US$","","","","https://http2.mlstatic.com/D_Q_NP_2X_789540-MLV98263257855_112025-E.webp","https://http2.mlstatic.com/D_Q_NP_2X_789540-MLV98263257855_112025-E.webp","https://http2.mlstatic.com/D_Q_NP_2X_964514-MLV98123840255_112025-E.webp","https://http2.mlstatic.com/D_Q_NP_2X_664050-MLV97659040352_112025-E.webp","https://http2.mlstatic.com/D_Q_NP_2X_626181-MLV97658424562_112025-E.webp"
"1774838780-9","https://listado.mercadolibre.com.ve/_CustId_2218556326?item_id=MLV853564702&category_id=MLV5072&seller_id=2218556326&client=recoview-selleritems&recos_listing=true#origin=vip&component=seller&typeSeller=classic","Switch Red 10 Puertos Gigabit Jetstream 8 Poe Sg2210p Tplink","207","94","US$","",",","","https://http2.mlstatic.com/D_Q_NP_2X_676153-MLV89143151717_082025-E.webp","","","",""
"1774838780-10","https://listado.mercadolibre.com.ve/_CustId_2218556326?item_id=MLV853564702&category_id=MLV5072&seller_id=2218556326&client=recoview-selleritems&recos_listing=true#origin=vip&component=seller&typeSeller=classic","Corneta Portatil Moonki Malibú - Parlante Bluetooth 52w","109","","US$","","","","https://http2.mlstatic.com/D_Q_NP_2X_623341-MLV81929116200_022025-E.webp","","","",""
"1774838780-11","https://listado.mercadolibre.com.ve/_CustId_2218556326?item_id=MLV853564702&category_id=MLV5072&seller_id=2218556326&client=recoview-selleritems&recos_listing=true#origin=vip&component=seller&typeSeller=classic","Parlante Barra De Sonido Para Pc Y Tv Negro Trust Asto Usb","59","","US$","","","","https://http2.mlstatic.com/D_Q_NP_2X_778427-MLV86301352964_062025-E.webp","https://http2.mlstatic.com/D_Q_NP_2X_778427-MLV86301352964_062025-E.webp","https://http2.mlstatic.com/D_Q_NP_2X_849109-MLV86619471071_062025-E.webp","https://http2.mlstatic.com/D_Q_NP_2X_910664-MLV86619471117_062025-E.webp","https://http2.mlstatic.com/D_Q_NP_2X_804028-MLV86619471161_062025-E.webp"
"1774838780-12","https://listado.mercadolibre.com.ve/_CustId_2218556326?item_id=MLV853564702&category_id=MLV5072&seller_id=2218556326&client=recoview-selleritems&recos_listing=true#origin=vip&component=seller&typeSeller=classic","Refrigeracion Liquida Deepcool R-le520 Bkammnt-g-1 2 Fan","114","","US$","","","","https://http2.mlstatic.com/D_Q_NP_2X_740491-MLV86618804105_062025-E.webp","https://http2.mlstatic.com/D_Q_NP_2X_740491-MLV86618804105_062025-E.webp","https://http2.mlstatic.com/D_Q_NP_2X_743414-MLV86301007292_062025-E.webp","https://http2.mlstatic.com/D_Q_NP_2X_923706-MLV86300783900_062025-E.webp",""
"1774838780-13","https://listado.mercadolibre.com.ve/_CustId_2218556326?item_id=MLV853564702&category_id=MLV5072&seller_id=2218556326&client=recoview-selleritems&recos_listing=true#origin=vip&component=seller&typeSeller=classic","Router Tp-link Dual Banda Wifi Ac1200 1gb Puerto Gpon Fibra","99","98","US$","",",","","https://http2.mlstatic.com/D_Q_NP_2X_766382-MLV88763829109_072025-E.webp","","","",""
"1774838780-14","https://listado.mercadolibre.com.ve/_CustId_2218556326?item_id=MLV853564702&category_id=MLV5072&seller_id=2218556326&client=recoview-selleritems&recos_listing=true#origin=vip&component=seller&typeSeller=classic","Monitor Checkpoint 27  2k Pro Gaming 2560x1440p 180hz","313","","US$","","","","https://http2.mlstatic.com/D_Q_NP_2X_831069-MLV86677802235_062025-E.webp","","","",""
"1774838780-15","https://listado.mercadolibre.com.ve/_CustId_2218556326?item_id=MLV853564702&category_id=MLV5072&seller_id=2218556326&client=recoview-selleritems&recos_listing=true#origin=vip&component=seller&typeSeller=classic","Case Eagle Gaming Gabinete Para Pc","127","","US$","","","","https://http2.mlstatic.com/D_Q_NP_2X_846471-MLV100511687892_122025-E.webp","","","",""
"1774838780-16","https://listado.mercadolibre.com.ve/_CustId_2218556326?item_id=MLV853564702&category_id=MLV5072&seller_id=2218556326&client=recoview-selleritems&recos_listing=true#origin=vip&component=seller&typeSeller=classic","Notebook Hdc 14.1  Hd Cel N4020 4gb Ram 128gb Ssd Blue","329","90","US$","",",","","https://http2.mlstatic.com/D_Q_NP_2X_646410-MLV88186459513_072025-E.webp","https://http2.mlstatic.com/D_Q_NP_2X_646410-MLV88186459513_072025-E.webp","https://http2.mlstatic.com/D_Q_NP_2X_984120-MLV87850256496_072025-E.webp","",""
"1774838780-17","https://listado.mercadolibre.com.ve/_CustId_2218556326?item_id=MLV853564702&category_id=MLV5072&seller_id=2218556326&client=recoview-selleritems&recos_listing=true#origin=vip&component=seller&typeSeller=classic","Powerbank Trust Redoh Xxl 50k 50000mah / 18w   4 Puertos Usb","113","","US$","","","","https://http2.mlstatic.com/D_Q_NP_2X_764827-MLV89973865307_082025-E.webp","","","",""
"1774838780-18","https://listado.mercadolibre.com.ve/_CustId_2218556326?item_id=MLV853564702&category_id=MLV5072&seller_id=2218556326&client=recoview-selleritems&recos_listing=true#origin=vip&component=seller&typeSeller=classic","Volante De Carrera Logitech G920 Playstation","537","","US$","","","","https://http2.mlstatic.com/D_Q_NP_2X_979286-MLV95116180339_102025-E.webp","","","",""
"1774838780-19","https://listado.mercadolibre.com.ve/_CustId_2218556326?item_id=MLV853564702&category_id=MLV5072&seller_id=2218556326&client=recoview-selleritems&recos_listing=true#origin=vip&component=seller&typeSeller=classic","Monitor Checkpoint 32  Curvo 2k Pro Gaming 180hz Cp-mo-1006","427","","US$","","","","https://http2.mlstatic.com/D_Q_NP_2X_696219-MLV86678249691_062025-E.webp","https://http2.mlstatic.com/D_Q_NP_2X_696219-MLV86678249691_062025-E.webp","https://http2.mlstatic.com/D_Q_NP_2X_662816-MLV86359945250_062025-E.webp","https://http2.mlstatic.com/D_Q_NP_2X_619646-MLV86678556375_062025-E.webp",""
"1774838780-20","https://listado.mercadolibre.com.ve/_CustId_2218556326?item_id=MLV853564702&category_id=MLV5072&seller_id=2218556326&client=recoview-selleritems&recos_listing=true#origin=vip&component=seller&typeSeller=classic","Corneta Trust Tytan 120w Alámbrica Y Subwoofer Para Pc","155","30","US$","",",","https://http2.mlstatic.com/D_Q_NP_2X_850692-MLV86620732567_062025-E.webp","https://http2.mlstatic.com/D_Q_NP_2X_717982-MLV86620938643_062025-E.webp","https://http2.mlstatic.com/D_Q_NP_2X_717982-MLV86620938643_062025-E.webp","https://http2.mlstatic.com/D_Q_NP_2X_688835-MLV86620653907_062025-E.webp","https://http2.mlstatic.com/D_Q_NP_2X_785481-MLV86620938719_062025-E.webp","https://http2.mlstatic.com/D_Q_NP_2X_847736-MLV86620958493_062025-E.webp"
"1774838780-21","https://listado.mercadolibre.com.ve/_CustId_2218556326?item_id=MLV853564702&category_id=MLV5072&seller_id=2218556326&client=recoview-selleritems&recos_listing=true#origin=vip&component=seller&typeSeller=classic","Volante De Carreras Logitech G923 Xbox Series X/s Y Pc","574","","US$","","","","https://http2.mlstatic.com/D_Q_NP_2X_838113-MLV85798192342_062025-E.webp","","","",""
"1774838780-22","https://listado.mercadolibre.com.ve/_CustId_2218556326?item_id=MLV853564702&category_id=MLV5072&seller_id=2218556326&client=recoview-selleritems&recos_listing=true#origin=vip&component=seller&typeSeller=classic","Corneta Moonki Ms-p112b 2 Microfonos  Bateria Professional","439","","US$","","","","https://http2.mlstatic.com/D_Q_NP_2X_670065-MLV86488469012_062025-E.webp","","","",""
"1774838780-23","https://listado.mercadolibre.com.ve/_CustId_2218556326?item_id=MLV853564702&category_id=MLV5072&seller_id=2218556326&client=recoview-selleritems&recos_listing=true#origin=vip&component=seller&typeSeller=classic","Proyector Benq Lw500 Led De 2000 Lum Wxga 1280x800","769","","US$","","","","https://http2.mlstatic.com/D_Q_NP_2X_642668-MLV89359275930_082025-E.webp","","","",""
"1774838780-24","https://listado.mercadolibre.com.ve/_CustId_2218556326?item_id=MLV853564702&category_id=MLV5072&seller_id=2218556326&client=recoview-selleritems&recos_listing=true#origin=vip&component=seller&typeSeller=classic","Adaptador Inalambrico Pcie  Ax3000 Wi-fi 6 Bluetooth 5.2","127","","US$","","","https://http2.mlstatic.com/D_Q_NP_2X_892432-MLV88315198233_072025-E.webp","https://http2.mlstatic.com/D_Q_NP_2X_924319-MLV87975862546_072025-E.webp","https://http2.mlstatic.com/D_Q_NP_2X_924319-MLV87975862546_072025-E.webp","https://http2.mlstatic.com/D_Q_NP_2X_849592-MLV87975941604_072025-E.webp","https://http2.mlstatic.com/D_Q_NP_2X_811188-MLV88315287757_072025-E.webp","https://http2.mlstatic.com/D_Q_NP_2X_653769-MLV88314891653_072025-E.webp"
"1774838780-25","https://listado.mercadolibre.com.ve/_CustId_2218556326?item_id=MLV853564702&category_id=MLV5072&seller_id=2218556326&client=recoview-selleritems&recos_listing=true#origin=vip&component=seller&typeSeller=classic","All In One Jemip 23.8  Intel I5, 8gb Ram, 256gb Ssd","813","","US$","","","","https://http2.mlstatic.com/D_Q_NP_2X_899461-MLV96224578966_102025-E.webp","","","",""
"1774838780-26","https://listado.mercadolibre.com.ve/_CustId_2218556326?item_id=MLV853564702&category_id=MLV5072&seller_id=2218556326&client=recoview-selleritems&recos_listing=true#origin=vip&component=seller&typeSeller=classic","Adaptador Hdmi (macho) A Vga (hembra)","2","","US$","","","","https://http2.mlstatic.com/D_Q_NP_2X_882655-MLV100029032132_122025-E.webp","","","",""
"1774838780-27","https://listado.mercadolibre.com.ve/_CustId_2218556326?item_id=MLV853564702&category_id=MLV5072&seller_id=2218556326&client=recoview-selleritems&recos_listing=true#origin=vip&component=seller&typeSeller=classic","Control Inalámbrico Gaming Monka Gt-96 Ps4, Pc Y Android","79","99","US$","",",","","https://http2.mlstatic.com/D_Q_NP_2X_864584-MLV86220617747_062025-E.webp","","","",""
"1774838780-28","https://listado.mercadolibre.com.ve/_CustId_2218556326?item_id=MLV853564702&category_id=MLV5072&seller_id=2218556326&client=recoview-selleritems&recos_listing=true#origin=vip&component=seller&typeSeller=classic","Modem (fibra) Terminal Gpon Gigabit 1 Puerto Tplink Xz000-g3","49","","US$","","","","https://http2.mlstatic.com/D_Q_NP_2X_855125-MLV88353955915_072025-E.webp","https://http2.mlstatic.com/D_Q_NP_2X_855125-MLV88353955915_072025-E.webp","https://http2.mlstatic.com/D_Q_NP_2X_891331-MLV88354025487_072025-E.webp","https://http2.mlstatic.com/D_Q_NP_2X_876359-MLV88014069718_072025-E.webp","https://http2.mlstatic.com/D_Q_NP_2X_808999-MLV88014286380_072025-E.webp"
"1774838780-29","https://listado.mercadolibre.com.ve/_CustId_2218556326?item_id=MLV853564702&category_id=MLV5072&seller_id=2218556326&client=recoview-selleritems&recos_listing=true#origin=vip&component=seller&typeSeller=classic","Mini Ups Tipo Rack Leadertech 20800mah 12 Conecciones Dc-100","87","","US$","","","","https://http2.mlstatic.com/D_Q_NP_2X_783401-MLV89973020715_082025-E.webp","","","",""
"1774838780-30","https://listado.mercadolibre.com.ve/_CustId_2218556326?item_id=MLV853564702&category_id=MLV5072&seller_id=2218556326&client=recoview-selleritems&recos_listing=true#origin=vip&component=seller&typeSeller=classic","Corneta Para Pc Trust Gxt 629 Tytan 2.1 Con Subwoofer Rgb","184","","US$","","","","https://http2.mlstatic.com/D_Q_NP_2X_617497-MLV86303079124_062025-E.webp","","","",""
"1774838780-31","https://listado.mercadolibre.com.ve/_CustId_2218556326?item_id=MLV853564702&category_id=MLV5072&seller_id=2218556326&client=recoview-selleritems&recos_listing=true#origin=vip&component=seller&typeSeller=classic","Mesa Gaming Trust Gxt709 Luminus 120x60 Rgb 25184","266","","US$","Disponible en 2 colores","","","https://http2.mlstatic.com/D_Q_NP_2X_738046-MLV86304329720_062025-E.webp","","","",""
"1774838780-32","https://listado.mercadolibre.com.ve/_CustId_2218556326?item_id=MLV853564702&category_id=MLV5072&seller_id=2218556326&client=recoview-selleritems&recos_listing=true#origin=vip&component=seller&typeSeller=classic","Monitor Benq Zowie Xl2546x Para Esport 24.5  Fast Tn Panel","891","","US$","","","","https://http2.mlstatic.com/D_Q_NP_2X_797204-MLV86677212265_062025-E.webp","https://http2.mlstatic.com/D_Q_NP_2X_797204-MLV86677212265_062025-E.webp","https://http2.mlstatic.com/D_Q_NP_2X_617009-MLV86358639084_062025-E.webp","https://http2.mlstatic.com/D_Q_NP_2X_643735-MLV86358708692_062025-E.webp","https://http2.mlstatic.com/D_Q_NP_2X_773053-MLV86677745097_062025-E.webp"
"1774838780-33","https://listado.mercadolibre.com.ve/_CustId_2218556326?item_id=MLV853564702&category_id=MLV5072&seller_id=2218556326&client=recoview-selleritems&recos_listing=true#origin=vip&component=seller&typeSeller=classic","Funda Protectora  Para Tablet 10  Trust Primo Negro","26","","US$","","","","https://http2.mlstatic.com/D_Q_NP_2X_766054-MLV85617066478_062025-E.webp","","","",""
"1774838780-34","https://listado.mercadolibre.com.ve/_CustId_2218556326?item_id=MLV853564702&category_id=MLV5072&seller_id=2218556326&client=recoview-selleritems&recos_listing=true#origin=vip&component=seller&typeSeller=classic","Mouse Marvo Duke 55-70 Inalámbrico Doble Scroll Rgb Ergonomi","54","","US$","","","","https://http2.mlstatic.com/D_Q_NP_2X_763666-MLV86748500678_072025-E.webp","","","",""
"1774838780-35","https://listado.mercadolibre.com.ve/_CustId_2218556326?item_id=MLV853564702&category_id=MLV5072&seller_id=2218556326&client=recoview-selleritems&recos_listing=true#origin=vip&component=seller&typeSeller=classic","Notebook Hdc I3-1025g1  8gb Ram 256gb W11","572","99","US$","",",","","https://http2.mlstatic.com/D_Q_NP_2X_895419-MLV87850807880_072025-E.webp","","","",""
"1774838780-36","https://listado.mercadolibre.com.ve/_CustId_2218556326?item_id=MLV853564702&category_id=MLV5072&seller_id=2218556326&client=recoview-selleritems&recos_listing=true#origin=vip&component=seller&typeSeller=classic","Router Dlink Ac1200 Mu-mimo Mesh Gigabit Dir-825m","89","","US$","","","","https://http2.mlstatic.com/D_Q_NP_2X_827459-MLV88704046617_072025-E.webp","https://http2.mlstatic.com/D_Q_NP_2X_827459-MLV88704046617_072025-E.webp","https://http2.mlstatic.com/D_Q_NP_2X_894100-MLV88358132082_072025-E.webp","https://http2.mlstatic.com/D_Q_NP_2X_864815-MLV88358874724_072025-E.webp",""
"1774838780-37","https://listado.mercadolibre.com.ve/_CustId_2218556326?item_id=MLV853564702&category_id=MLV5072&seller_id=2218556326&client=recoview-selleritems&recos_listing=true#origin=vip&component=seller&typeSeller=classic","Audífonos Moonki Mh-tws50 Manos Libres Inalámbricos","34","","US$","Disponible en 2 colores","","","https://http2.mlstatic.com/D_Q_NP_2X_720576-MLV85404633256_062025-E.webp","","","",""
"1774838780-38","https://listado.mercadolibre.com.ve/_CustId_2218556326?item_id=MLV853564702&category_id=MLV5072&seller_id=2218556326&client=recoview-selleritems&recos_listing=true#origin=vip&component=seller&typeSeller=classic","Audifonos Para Ps5 Trust Gxt 415ps Zirox","46","","US$","","","","https://http2.mlstatic.com/D_Q_NP_2X_651169-MLV85461082300_062025-E.webp","","","",""
"1774838780-39","https://listado.mercadolibre.com.ve/_CustId_2218556326?item_id=MLV853564702&category_id=MLV5072&seller_id=2218556326&client=recoview-selleritems&recos_listing=true#origin=vip&component=seller&typeSeller=classic","Disco Sólido Ssd 512gb Marca Addlink Sata Iii","173","","US$","","","","https://http2.mlstatic.com/D_Q_NP_2X_847439-MLV86040070495_062025-E.webp","","","",""
"1774838780-40","https://listado.mercadolibre.com.ve/_CustId_2218556326?item_id=MLV853564702&category_id=MLV5072&seller_id=2218556326&client=recoview-selleritems&recos_listing=true#origin=vip&component=seller&typeSeller=classic","Impresora Multifuncional Epson Ecotank L4260 Laser Wifi","474","","US$","","","","https://http2.mlstatic.com/D_Q_NP_2X_853311-MLV86595752052_062025-E.webp","","","",""
"1774838780-41","https://listado.mercadolibre.com.ve/_CustId_2218556326?item_id=MLV853564702&category_id=MLV5072&seller_id=2218556326&client=recoview-selleritems&recos_listing=true#origin=vip&component=seller&typeSeller=classic","Repetidor Extensor De Rango Tplink Re505x Wifi 6 Ax1500 Mesh","97","52","US$","",",","","https://http2.mlstatic.com/D_Q_NP_2X_809636-MLV88568432586_072025-E.webp","","","",""
"1774838780-42","https://listado.mercadolibre.com.ve/_CustId_2218556326?item_id=MLV853564702&category_id=MLV5072&seller_id=2218556326&client=recoview-selleritems&recos_listing=true#origin=vip&component=seller&typeSeller=classic","Impresora De Carnet Badgy Printer 200 Open Box","917","","US$","","","","https://http2.mlstatic.com/D_Q_NP_2X_973033-MLV94481369865_102025-E.webp","","","",""
"1774838780-43","https://listado.mercadolibre.com.ve/_CustId_2218556326?item_id=MLV853564702&category_id=MLV5072&seller_id=2218556326&client=recoview-selleritems&recos_listing=true#origin=vip&component=seller&typeSeller=classic","Audifono Para Gaming Trust Gxt 408 Cobra Multiplataforma","49","","US$","","","","https://http2.mlstatic.com/D_Q_NP_2X_855075-MLV85707387267_062025-E.webp","https://http2.mlstatic.com/D_Q_NP_2X_855075-MLV85707387267_062025-E.webp","https://http2.mlstatic.com/D_Q_NP_2X_741398-MLV85707495809_062025-E.webp","https://http2.mlstatic.com/D_Q_NP_2X_731403-MLV85707149969_062025-E.webp",""
"1774838780-44","https://listado.mercadolibre.com.ve/_CustId_2218556326?item_id=MLV853564702&category_id=MLV5072&seller_id=2218556326&client=recoview-selleritems&recos_listing=true#origin=vip&component=seller&typeSeller=classic","Maletin Trust Negro Para Laptop 16  + Mouse Inalambrico","39","","US$","","","","https://http2.mlstatic.com/D_Q_NP_2X_862569-MLV85924624597_062025-E.webp","https://http2.mlstatic.com/D_Q_NP_2X_862569-MLV85924624597_062025-E.webp","https://http2.mlstatic.com/D_Q_NP_2X_747578-MLV85616082384_062025-E.webp","https://http2.mlstatic.com/D_Q_NP_2X_639996-MLV85616082418_062025-E.webp","https://http2.mlstatic.com/D_Q_NP_2X_907541-MLV85925051237_062025-E.webp"
"1774838780-45","https://listado.mercadolibre.com.ve/_CustId_2218556326?item_id=MLV853564702&category_id=MLV5072&seller_id=2218556326&client=recoview-selleritems&recos_listing=true#origin=vip&component=seller&typeSeller=classic","Fuente De Poder Leadertech 600w 80+ Bronze Atx Blanca Rgb","96","","US$","Disponible en 2 colores","","","https://http2.mlstatic.com/D_Q_NP_2X_713069-MLV85859634546_062025-E.webp","","","",""
"1774838780-46","https://listado.mercadolibre.com.ve/_CustId_2218556326?item_id=MLV853564702&category_id=MLV5072&seller_id=2218556326&client=recoview-selleritems&recos_listing=true#origin=vip&component=seller&typeSeller=classic","Corneta Trust Gxt 658 Tytan 5.1 Sunrround Mp 180w","239","99","US$","",",","","https://http2.mlstatic.com/D_Q_NP_2X_896404-MLV86303696358_062025-E.webp","","","",""
"1774838780-47","https://listado.mercadolibre.com.ve/_CustId_2218556326?item_id=MLV853564702&category_id=MLV5072&seller_id=2218556326&client=recoview-selleritems&recos_listing=true#origin=vip&component=seller&typeSeller=classic","Monitor Gamer Samsung Odyssey 24 Pulgadas 180hz Fhd","327","","US$","","","","https://http2.mlstatic.com/D_Q_NP_2X_668077-MLV86406149608_062025-E.webp","https://http2.mlstatic.com/D_Q_NP_2X_668077-MLV86406149608_062025-E.webp","https://http2.mlstatic.com/D_Q_NP_2X_802854-MLV86406119724_062025-E.webp","",""
"1774838780-48","https://listado.mercadolibre.com.ve/_CustId_2218556326?item_id=MLV853564702&category_id=MLV5072&seller_id=2218556326&client=recoview-selleritems&recos_listing=true#origin=vip&component=seller&typeSeller=classic","Procesador Corei5 4590 Socket 1150 4tagen 3.70ghz+fan Cooler","73","","US$","","","","https://http2.mlstatic.com/D_Q_NP_2X_913633-MLV87359720863_072025-E.webp","https://http2.mlstatic.com/D_Q_NP_2X_913633-MLV87359720863_072025-E.webp","https://http2.mlstatic.com/D_Q_NP_2X_686866-MLV87359789197_072025-E.webp","https://http2.mlstatic.com/D_Q_NP_2X_808302-MLV87359826733_072025-E.webp","https://http2.mlstatic.com/D_Q_NP_2X_820669-MLA87359881811_072025-E.webp"
